{
  "n": 4,
  "rmse_sum": 37.24073791503906,
  "energy_mae": 5.539331436157227,
  "fidelity_sum": 3.514878273010254,
  "alpha_mean": 0.42081716656684875,
  "rmse": 9.310184478759766,
  "fidelity": 0.8787195682525635,
  "energy_predictions": [
    -87.82785034179688,
    -85.91742706298828,
    -87.28823852539062,
    -86.29244995117188
  ]
}