{
  "n": 32,
  "rmse_sum": 290.76564025878906,
  "energy_mae": 0.6833608150482178,
  "fidelity_sum": 30.66997528076172,
  "alpha_mean": 0.06979357637465,
  "rmse": 9.086426258087158,
  "fidelity": 0.9584367275238037,
  "energy_predictions": [
    -81.52947998046875,
    -80.36377716064453,
    -81.2508316040039,
    -80.80801391601562,
    -79.6513900756836,
    -81.32140350341797,
    -79.09710693359375,
    -80.66477966308594,
    -81.6594009399414,
    -81.9224624633789,
    -81.43974304199219,
    -80.95697021484375,
    -82.01011657714844,
    -81.02425384521484,
    -81.79193115234375,
    -81.33833312988281,
    -80.87362670898438,
    -81.8851547241211,
    -81.46684265136719,
    -80.27901458740234,
    -81.71018981933594,
    -79.87307739257812,
    -82.62213897705078,
    -83.48880004882812,
    -81.19677734375,
    -80.21879577636719,
    -82.36373138427734,
    -81.92269897460938,
    -81.67294311523438,
    -82.21541595458984,
    -81.75202178955078,
    -81.76611328125
  ]
}