{
  "mae": 0.11175446035875282,
  "rmse": 0.14081121141666186,
  "predictions": [
    -0.6792242653077787,
    -2.831860578553674,
    0.4673794595777174,
    -1.8686826141161936,
    2.233946841970561,
    -0.31907026790877013,
    -1.7676858470667478,
    0.7339613419318008,
    3.3979931817968247,
    -1.4495088622916992,
    1.7321438497151271,
    1.3307816544485473,
    1.2324131224316432,
    -0.7890884906907478,
    -1.8290717836106793,
    -0.8026847355369138,
    3.473447220561731,
    2.7671026732466686,
    -2.659712979485608,
    -2.4423722799455456,
    0.9415912454551376,
    2.2220235470184035,
    -2.1513511809159294,
    0.9041306133526998,
    0.6825927050170568,
    1.1483831355178338,
    1.83263622483596,
    0.49804092049208115,
    -2.995061972025688,
    3.096904091507091,
    0.09034182214790665,
    2.7499680425934128,
    1.3363827013738407,
    1.6940072847201062,
    4.835570739868896,
    2.9088731518381787,
    -4.935623456869482,
    -1.3996132887687112,
    -1.6292283043339042,
    -1.4288390962118083,
    0.9691050966385466,
    0.10648630055649067,
    -2.9308735414300293,
    -2.33286654605591,
    -3.011549327462582,
    1.4376215166096844,
    2.71178697970766,
    2.3163003957224353,
    -1.7783426454222662,
    -3.051929063663443,
    -0.24140492914056488,
    -0.5701397516871786,
    0.15643565863634912,
    -2.0755735256911247,
    0.877483799540962,
    2.57232703506619,
    -5.503915417436457,
    4.326940438760053,
    -0.051555320820716954,
    0.35111813311098694,
    -2.42948382375664,
    4.06913212657961,
    -2.539674031185766,
    1.9671731271903719,
    1.3023457611487221,
    2.22453321923341,
    -1.0620245594112354,
    -2.5306277963375514,
    0.15806055553120846,
    1.0745881804297488,
    0.10135715198477757,
    -0.05280645096627659,
    -2.702119237513544,
    -1.7721767161218946,
    0.25521933958833287,
    1.3168397828211722,
    -0.14409841058690365,
    -0.47699051032455136,
    -3.5400042273200203,
    -2.420498660170745,
    -1.6701821842237994,
    -0.4180078260804026,
    1.2356678447825327,
    -1.1137930915873606,
    2.7643070931074156,
    3.1118373029027437,
    4.231631520099053,
    -0.25267377189989676,
    -5.1713851366387695,
    -0.6118348180208926,
    -1.289544744387312,
    -3.217664335627676,
    -3.014344513504355,
    1.979567536550706,
    1.7558886821936635,
    -1.5880294436903741,
    2.722005355358514,
    1.4352725731797151,
    1.8108067960964762,
    0.32122525961035686,
    -1.3620971268716366,
    1.0177772879895266,
    0.5248469068203299,
    1.7750437323330033,
    1.0946383197300187,
    -2.3468121497815417,
    1.8443490774626474,
    -1.0698372722444094,
    -1.4580607313643486,
    3.6789923951499537,
    1.2249984380559393,
    -2.2317297989683915,
    2.672002401117093,
    -2.0041527326539237,
    -2.1561590427580204,
    1.3009619525175802,
    -2.373252255646559,
    -0.46828472536644794,
    -1.9236841480813753,
    0.7241917183367887
  ],
  "elapsed_s": 0.0002677440643310547,
  "samples": 120,
  "n_features": 6,
  "estimated_coeff": [
    1.2165429644245258,
    -0.7747812497075197,
    0.5029666161784381,
    0.9086023823171628,
    -1.0873159855770622,
    0.7111399522100805
  ],
  "estimated_bias": 0.005281328141530595,
  "true_coeff": [
    1.2,
    -0.8,
    0.5,
    0.9,
    -1.1,
    0.7
  ]
}