{
  "n": 16,
  "rmse_sum": 158.93859100341797,
  "energy_mae": 0.5747342109680176,
  "fidelity_sum": 15.331521987915039,
  "alpha_mean": 0.06979596242308617,
  "rmse": 9.933661937713623,
  "fidelity": 0.9582201242446899,
  "energy_predictions": [
    -81.52947998046875,
    -80.36377716064453,
    -81.2508316040039,
    -80.80801391601562,
    -79.6513900756836,
    -81.32140350341797,
    -79.09710693359375,
    -80.66477966308594,
    -81.6594009399414,
    -81.9224624633789,
    -81.43974304199219,
    -80.95697021484375,
    -82.01011657714844,
    -81.02425384521484,
    -81.79193115234375,
    -81.33833312988281
  ]
}